{"cameraMode":{"drawMode":0,"name":"Shaded","section":"Shading Mode"},"sceneLighting":true,"audioPlay":false,"sceneViewState":{"showFog":true,"showMaterialUpdate":false,"showSkybox":true,"showFlares":true,"showImageEffects":true,"showParticleSystems":true,"showVisualEffectGraphs":true,"m_FxEnabled":true},"in2DMode":false,"pivot":{"x":-0.21984770894050599,"y":1.577786922454834,"z":-0.6256015300750732},"rotation":{"x":-0.3097284734249115,"y":0.07554566860198975,"z":-0.024552125483751298,"w":-0.9475645422935486},"size":10.560118675231934,"orthographic":false}