{"cameraMode":{"drawMode":0,"name":"Shaded","section":"Shading Mode"},"sceneLighting":true,"audioPlay":false,"sceneViewState":{"showFog":true,"showMaterialUpdate":false,"showSkybox":true,"showFlares":true,"showImageEffects":true,"showParticleSystems":true,"showVisualEffectGraphs":true,"m_FxEnabled":true},"in2DMode":false,"pivot":{"x":2.7091286182403566,"y":2.361051559448242,"z":-2.6253652572631838},"rotation":{"x":0.1720615029335022,"y":-0.30724284052848818,"z":0.05653989687561989,"w":0.9342836141586304},"size":1.5073950290679932,"orthographic":false}