{"cameraMode":{"drawMode":0,"name":"Shaded","section":"Shading Mode"},"sceneLighting":true,"audioPlay":false,"sceneViewState":{"showFog":true,"showMaterialUpdate":false,"showSkybox":true,"showFlares":true,"showImageEffects":true,"showParticleSystems":true,"showVisualEffectGraphs":true,"m_FxEnabled":true},"in2DMode":false,"pivot":{"x":0.0010989957954734564,"y":0.911697268486023,"z":0.1251780092716217},"rotation":{"x":-0.09500395506620407,"y":0.8266962766647339,"z":-0.1468573659658432,"w":-0.5347955226898193},"size":11.247283935546875,"orthographic":false}