{"cameraMode":{"drawMode":0,"name":"Shaded","section":"Shading Mode"},"sceneLighting":true,"audioPlay":false,"sceneViewState":{"showFog":true,"showMaterialUpdate":false,"showSkybox":true,"showFlares":true,"showImageEffects":true,"showParticleSystems":true,"showVisualEffectGraphs":true,"m_FxEnabled":true},"in2DMode":false,"pivot":{"x":-0.5237789154052734,"y":0.8622255325317383,"z":0.1776714324951172},"rotation":{"x":-0.12294083833694458,"y":0.7903974652290344,"z":-0.16872327029705048,"w":-0.5759261846542358},"size":6.0073957443237309,"orthographic":false}