{"cameraMode":{"drawMode":0,"name":"Shaded","section":"Shading Mode"},"sceneLighting":true,"audioPlay":false,"sceneViewState":{"showFog":true,"showMaterialUpdate":false,"showSkybox":true,"showFlares":true,"showImageEffects":true,"showParticleSystems":true,"showVisualEffectGraphs":true,"m_FxEnabled":true},"in2DMode":false,"pivot":{"x":0.004561379551887512,"y":1.6375470161437989,"z":-0.06946700811386109},"rotation":{"x":-0.22475425899028779,"y":0.031269706785678866,"z":-0.00721648707985878,"w":-0.9738878011703491},"size":1.5929464101791382,"orthographic":false}