{"cameraMode":{"drawMode":0,"name":"Shaded","section":"Shading Mode"},"sceneLighting":true,"audioPlay":false,"sceneViewState":{"showFog":true,"showMaterialUpdate":false,"showSkybox":true,"showFlares":true,"showImageEffects":true,"showParticleSystems":true,"showVisualEffectGraphs":true,"m_FxEnabled":true},"in2DMode":false,"pivot":{"x":0.004244506359100342,"y":1.6476777791976929,"z":-0.06453800201416016},"rotation":{"x":-0.1290547102689743,"y":0.7623387575149536,"z":-0.16034361720085145,"w":-0.6135783791542053},"size":1.5929464101791382,"orthographic":false}